id,text,patientName,patientId,department,staffId,staffName,sentiment,polarityScore,sentimentScore,emotion,category,severityScore,keywords,doctorRating,createdAt,updatedAt
FB_1765025850071_ho5qe8mpp,Very efficient,saw the doctor right away.,Patient 1,PAT_Emergency_0,Emergency,DOC010,Dr Karan Mehta,Positive,0.7,0.7,positive,Wait Time,3,wait time,2,2025-12-06T12:57:30.071Z
FB_1765025850075_y11d3lp2o,Standard waiting period as expected.,Patient 2,PAT_Emergency_1,Emergency,DOC003,Dr Meera Iyer,Neutral,0.03,0.03,neutral,Wait Time,5,wait time,1,2025-12-06T12:57:30.075Z,2025-12-06T12:57:30.075Z
FB_1765025850078_gtg5w3970,Quick check-in process,hardly any wait at all.,Patient 3,PAT_Emergency_2,Emergency,DOC003,Dr Meera Iyer,Positive,0.92,0.92,positive,Wait Time,2,wait time,2,2025-12-06T12:57:30.078Z
FB_1765025850081_8ydel982c,The waiting time was very short. Excellent service!,Patient 4,PAT_Emergency_3,Emergency,DOC004,Dr Vikram Das,Positive,0.85,0.85,positive,Wait Time,1,wait time,5,2025-12-06T12:57:30.081Z,2025-12-06T12:57:30.081Z
FB_1765025850084_vezsq0vim,The waiting time was very short. Excellent service!,Patient 5,PAT_Emergency_4,Emergency,DOC003,Dr Meera Iyer,Positive,0.8,0.8,positive,Wait Time,2,wait time,2,2025-12-06T12:57:30.084Z,2025-12-06T12:57:30.084Z
FB_1765025850086_kv28qomjf,Staff were professional and caring throughout.,Patient 1,PAT_Emergency_0,Emergency,DOC005,Dr Priya Sharma,Positive,0.56,0.56,positive,Staff Behavior,1,staff behavior,1,2025-12-06T12:57:30.086Z,2025-12-06T12:57:30.086Z
FB_1765025850087_v250xp1f3,Staff were professional and caring throughout.,Patient 2,PAT_Emergency_1,Emergency,DOC008,Dr Sameer Patel,Positive,0.68,0.68,positive,Staff Behavior,2,staff behavior,3,2025-12-06T12:57:30.087Z,2025-12-06T12:57:30.087Z
FB_1765025850090_1y4hjxmg0,Polite but somewhat distant.,Patient 3,PAT_Emergency_2,Emergency,DOC008,Dr Sameer Patel,Neutral,-0.01,-0.01,neutral,Staff Behavior,6,staff behavior,1,2025-12-06T12:57:30.090Z,2025-12-06T12:57:30.090Z
FB_1765025850092_fpn14nr3i,The staff was incredibly friendly and attentive.,Patient 4,PAT_Emergency_3,Emergency,DOC007,Dr Kavita Singh,Positive,0.92,0.92,positive,Staff Behavior,1,staff behavior,3,2025-12-06T12:57:30.092Z,2025-12-06T12:57:30.092Z
FB_1765025850094_bhurytw86,The facility was adequately clean.,Patient 1,PAT_Emergency_0,Emergency,DOC010,Dr Karan Mehta,Neutral,-0.09,-0.09,neutral,Cleanliness,5,cleanliness,2,2025-12-06T12:57:30.094Z,2025-12-06T12:57:30.094Z
FB_1765025850095_yo0cylodq,The environment was very clean and pleasant.,Patient 2,PAT_Emergency_1,Emergency,DOC008,Dr Sameer Patel,Positive,0.62,0.62,positive,Cleanliness,2,cleanliness,4,2025-12-06T12:57:30.095Z,2025-12-06T12:57:30.095Z
FB_1765025850097_ociwj59fr,Facility was dirty and unhygienic.,Patient 3,PAT_Emergency_2,Emergency,DOC007,Dr Kavita Singh,Negative,-0.82,-0.82,negative,Cleanliness,8,cleanliness,4,2025-12-06T12:57:30.097Z,2025-12-06T12:57:30.097Z
FB_1765025850099_zplamwgnm,The environment was very clean and pleasant.,Patient 4,PAT_Emergency_3,Emergency,DOC002,Dr Rohan Kumar,Positive,0.74,0.74,positive,Cleanliness,3,cleanliness,2,2025-12-06T12:57:30.099Z,2025-12-06T12:57:30.099Z
FB_1765025850101_k48np73p5,Food options were excellent and well-prepared.,Patient 1,PAT_Emergency_0,Emergency,DOC002,Dr Rohan Kumar,Positive,0.98,0.98,positive,Food Quality,1,food quality,1,2025-12-06T12:57:30.101Z,2025-12-06T12:57:30.101Z
FB_1765025850102_duvvbbl9a,Food was okay,nothing exceptional.,Patient 2,PAT_Emergency_1,Emergency,DOC004,Dr Vikram Das,Neutral,0.01,0.01,neutral,Food Quality,4,food quality,1,2025-12-06T12:57:30.102Z
FB_1765025850105_o1vjpay7r,Food was adequate and acceptable.,Patient 3,PAT_Emergency_2,Emergency,DOC006,Dr Arjun Rao,Neutral,0.1,0.1,neutral,Food Quality,4,food quality,2,2025-12-06T12:57:30.105Z,2025-12-06T12:57:30.105Z
FB_1765025850107_7b7kb2x4o,Medical care was standard and appropriate.,Patient 1,PAT_Emergency_0,Emergency,DOC009,Dr Nisha Verma,Neutral,0.01,0.01,neutral,Medical Care,6,medical care,4,2025-12-06T12:57:30.107Z,2025-12-06T12:57:30.107Z
FB_1765025850109_bzdfln0bn,Received top-quality healthcare.,Patient 2,PAT_Emergency_1,Emergency,DOC001,Dr Asha Menon,Positive,0.57,0.57,positive,Medical Care,1,medical care,4,2025-12-06T12:57:30.109Z,2025-12-06T12:57:30.109Z
FB_1765025850111_7hjhr3bpu,Excellent medical treatment and diagnosis.,Patient 3,PAT_Emergency_2,Emergency,DOC001,Dr Asha Menon,Positive,0.91,0.91,positive,Medical Care,3,medical care,5,2025-12-06T12:57:30.111Z,2025-12-06T12:57:30.111Z
FB_1765025850113_ec5dkvls1,Doctor provided adequate treatment.,Patient 4,PAT_Emergency_3,Emergency,DOC003,Dr Meera Iyer,Neutral,-0.05,-0.05,neutral,Medical Care,5,medical care,3,2025-12-06T12:57:30.113Z,2025-12-06T12:57:30.113Z
FB_1765025850115_aur7gjna6,Amenities were standard.,Patient 1,PAT_Emergency_0,Emergency,DOC005,Dr Priya Sharma,Neutral,-0.06,-0.06,neutral,Facilities,4,facilities,5,2025-12-06T12:57:30.115Z,2025-12-06T12:57:30.115Z
FB_1765025850116_n853du1dc,Equipment is state-of-the-art.,Patient 2,PAT_Emergency_1,Emergency,DOC010,Dr Karan Mehta,Positive,0.81,0.81,positive,Facilities,2,facilities,5,2025-12-06T12:57:30.116Z,2025-12-06T12:57:30.116Z
FB_1765025850118_d2nn6yijj,Infrastructure was reasonable.,Patient 3,PAT_Emergency_2,Emergency,DOC009,Dr Nisha Verma,Neutral,-0.05,-0.05,neutral,Facilities,4,facilities,2,2025-12-06T12:57:30.118Z,2025-12-06T12:57:30.118Z
FB_1765025850119_3ynsu3rwo,Amenities were standard.,Patient 4,PAT_Emergency_3,Emergency,DOC009,Dr Nisha Verma,Neutral,0.08,0.08,neutral,Facilities,5,facilities,3,2025-12-06T12:57:30.119Z,2025-12-06T12:57:30.119Z
FB_1765025850122_tpxc47d37,Equipment is state-of-the-art.,Patient 5,PAT_Emergency_4,Emergency,DOC009,Dr Nisha Verma,Positive,0.98,0.98,positive,Facilities,3,facilities,4,2025-12-06T12:57:30.122Z,2025-12-06T12:57:30.122Z
FB_1765025850124_n8fyuwmzf,Costs seemed reasonable.,Patient 1,PAT_Emergency_0,Emergency,DOC008,Dr Sameer Patel,Neutral,0.08,0.08,neutral,Cost,6,cost,5,2025-12-06T12:57:30.124Z,2025-12-06T12:57:30.124Z
FB_1765025850125_wwl52fiqx,Very reasonable and transparent pricing.,Patient 2,PAT_Emergency_1,Emergency,DOC006,Dr Arjun Rao,Positive,0.57,0.57,positive,Cost,3,cost,1,2025-12-06T12:57:30.125Z,2025-12-06T12:57:30.125Z
FB_1765025850127_0kzuh9bvu,Affordable and fair charges.,Patient 3,PAT_Emergency_2,Emergency,DOC003,Dr Meera Iyer,Positive,0.77,0.77,positive,Cost,1,cost,1,2025-12-06T12:57:30.127Z,2025-12-06T12:57:30.127Z
FB_1765025850128_6ucvcxtfq,Affordable and fair charges.,Patient 4,PAT_Emergency_3,Emergency,DOC009,Dr Nisha Verma,Positive,0.81,0.81,positive,Cost,3,cost,4,2025-12-06T12:57:30.128Z,2025-12-06T12:57:30.128Z
FB_1765025850130_u2on5c6vz,Great hospital,will come back.,Patient 1,PAT_Emergency_0,Emergency,DOC009,Dr Nisha Verma,Positive,0.73,0.73,positive,General,3,general,5,2025-12-06T12:57:30.130Z
FB_1765025850131_vo4n1s2qa,Adequate service provided.,Patient 2,PAT_Emergency_1,Emergency,DOC009,Dr Nisha Verma,Neutral,0.02,0.02,neutral,General,6,general,2,2025-12-06T12:57:30.131Z,2025-12-06T12:57:30.131Z
FB_1765025850133_7w7aqdxj6,Average visit,nothing remarkable.,Patient 3,PAT_Emergency_2,Emergency,DOC010,Dr Karan Mehta,Neutral,-0.04,-0.04,neutral,General,6,general,1,2025-12-06T12:57:30.133Z
FB_1765025850135_8lzczsaot,Would not recommend this hospital.,Patient 4,PAT_Emergency_3,Emergency,DOC005,Dr Priya Sharma,Negative,-0.56,-0.56,negative,General,8,general,5,2025-12-06T12:57:30.135Z,2025-12-06T12:57:30.135Z
FB_1765025850137_nuf0tbmf1,Would not recommend this hospital.,Patient 5,PAT_Emergency_4,Emergency,DOC009,Dr Nisha Verma,Negative,-0.74,-0.74,negative,General,7,general,2,2025-12-06T12:57:30.137Z,2025-12-06T12:57:30.137Z
FB_1765025850139_xqxu7j1br,Extremely long waiting period,very frustrating.,Patient 1,PAT_OPD_0,OPD,DOC002,Dr Rohan Kumar,Negative,-0.59,-0.59,negative,Wait Time,10,wait time,5,2025-12-06T12:57:30.139Z
FB_1765025850141_kycl8jawg,Quick check-in process,hardly any wait at all.,Patient 2,PAT_OPD_1,OPD,DOC004,Dr Vikram Das,Positive,0.64,0.64,positive,Wait Time,1,wait time,1,2025-12-06T12:57:30.141Z
FB_1765025850142_qz9002m12,Very efficient,saw the doctor right away.,Patient 3,PAT_OPD_2,OPD,DOC002,Dr Rohan Kumar,Positive,0.99,0.99,positive,Wait Time,3,wait time,1,2025-12-06T12:57:30.142Z
FB_1765025850144_5z00snvmw,Staff were rude and unhelpful.,Patient 1,PAT_OPD_0,OPD,DOC002,Dr Rohan Kumar,Negative,-0.85,-0.85,negative,Staff Behavior,8,staff behavior,5,2025-12-06T12:57:30.144Z,2025-12-06T12:57:30.144Z
FB_1765025850146_ftl0qbtn1,Staff were professional and did their job.,Patient 2,PAT_OPD_1,OPD,DOC004,Dr Vikram Das,Neutral,-0.03,-0.03,neutral,Staff Behavior,4,staff behavior,4,2025-12-06T12:57:30.146Z,2025-12-06T12:57:30.146Z
FB_1765025850147_k1tv86pll,Staff were rude and unhelpful.,Patient 3,PAT_OPD_2,OPD,DOC001,Dr Asha Menon,Negative,-0.82,-0.82,negative,Staff Behavior,9,staff behavior,2,2025-12-06T12:57:30.147Z,2025-12-06T12:57:30.147Z
FB_1765025850149_oex05rlau,Excellent hygiene standards throughout.,Patient 1,PAT_OPD_0,OPD,DOC002,Dr Rohan Kumar,Positive,0.75,0.75,positive,Cleanliness,1,cleanliness,5,2025-12-06T12:57:30.149Z,2025-12-06T12:57:30.149Z
FB_1765025850152_vs1ksmpmr,The place was not clean at all.,Patient 2,PAT_OPD_1,OPD,DOC008,Dr Sameer Patel,Negative,-0.62,-0.62,negative,Cleanliness,10,cleanliness,5,2025-12-06T12:57:30.152Z,2025-12-06T12:57:30.152Z
FB_1765025850154_e9pf1s49s,The environment was very clean and pleasant.,Patient 3,PAT_OPD_2,OPD,DOC002,Dr Rohan Kumar,Positive,0.66,0.66,positive,Cleanliness,1,cleanliness,3,2025-12-06T12:57:30.154Z,2025-12-06T12:57:30.154Z
FB_1765025850156_sol71aato,The facility was adequately clean.,Patient 4,PAT_OPD_3,OPD,DOC005,Dr Priya Sharma,Neutral,-0.02,-0.02,neutral,Cleanliness,4,cleanliness,5,2025-12-06T12:57:30.156Z,2025-12-06T12:57:30.156Z
FB_1765025850157_m0wf0wzef,Food was inedible and unappetizing.,Patient 1,PAT_OPD_0,OPD,DOC010,Dr Karan Mehta,Negative,-0.85,-0.85,negative,Food Quality,10,food quality,2,2025-12-06T12:57:30.157Z,2025-12-06T12:57:30.157Z
FB_1765025850159_kumov0p5q,The food was delicious and nutritious.,Patient 2,PAT_OPD_1,OPD,DOC005,Dr Priya Sharma,Positive,0.73,0.73,positive,Food Quality,1,food quality,4,2025-12-06T12:57:30.159Z,2025-12-06T12:57:30.159Z
FB_1765025850161_7d030xzik,Meals were standard hospital fare.,Patient 3,PAT_OPD_2,OPD,DOC001,Dr Asha Menon,Neutral,0.08,0.08,neutral,Food Quality,5,food quality,1,2025-12-06T12:57:30.161Z,2025-12-06T12:57:30.161Z
FB_1765025850163_xni9wpdis,Doctor provided adequate treatment.,Patient 1,PAT_OPD_0,OPD,DOC010,Dr Karan Mehta,Neutral,-0.06,-0.06,neutral,Medical Care,5,medical care,3,2025-12-06T12:57:30.163Z,2025-12-06T12:57:30.163Z
FB_1765025850166_ymansi568,Doctor provided adequate treatment.,Patient 2,PAT_OPD_1,OPD,DOC004,Dr Vikram Das,Neutral,-0.02,-0.02,neutral,Medical Care,4,medical care,3,2025-12-06T12:57:30.166Z,2025-12-06T12:57:30.166Z
FB_1765025850169_sy1195pqu,Received top-quality healthcare.,Patient 3,PAT_OPD_2,OPD,DOC009,Dr Nisha Verma,Positive,0.92,0.92,positive,Medical Care,2,medical care,3,2025-12-06T12:57:30.169Z,2025-12-06T12:57:30.169Z
FB_1765025850170_50st8qqjn,Excellent medical treatment and diagnosis.,Patient 4,PAT_OPD_3,OPD,DOC004,Dr Vikram Das,Positive,0.97,0.97,positive,Medical Care,2,medical care,5,2025-12-06T12:57:30.170Z,2025-12-06T12:57:30.170Z
FB_1765025850172_9tm50nrhc,Amenities were standard.,Patient 1,PAT_OPD_0,OPD,DOC002,Dr Rohan Kumar,Neutral,-0.03,-0.03,neutral,Facilities,4,facilities,1,2025-12-06T12:57:30.172Z,2025-12-06T12:57:30.172Z
FB_1765025850174_eeh81p03g,Amenities were standard.,Patient 2,PAT_OPD_1,OPD,DOC002,Dr Rohan Kumar,Neutral,0.1,0.1,neutral,Facilities,5,facilities,5,2025-12-06T12:57:30.174Z,2025-12-06T12:57:30.174Z
FB_1765025850176_md61jdp72,Equipment is state-of-the-art.,Patient 3,PAT_OPD_2,OPD,DOC005,Dr Priya Sharma,Positive,0.63,0.63,positive,Facilities,3,facilities,1,2025-12-06T12:57:30.176Z,2025-12-06T12:57:30.176Z
FB_1765025850178_xktkok76t,Affordable and fair charges.,Patient 1,PAT_OPD_0,OPD,DOC004,Dr Vikram Das,Positive,0.87,0.87,positive,Cost,1,cost,3,2025-12-06T12:57:30.178Z,2025-12-06T12:57:30.178Z
FB_1765025850180_2h0ft65v4,Charges were extremely high and unfair.,Patient 2,PAT_OPD_1,OPD,DOC005,Dr Priya Sharma,Negative,-0.51,-0.51,negative,Cost,8,cost,2,2025-12-06T12:57:30.180Z,2025-12-06T12:57:30.180Z
FB_1765025850183_2sy1u48ul,Charges were fair.,Patient 3,PAT_OPD_2,OPD,DOC010,Dr Karan Mehta,Neutral,-0.1,-0.1,neutral,Cost,4,cost,4,2025-12-06T12:57:30.183Z,2025-12-06T12:57:30.183Z
FB_1765025850185_0smstk6io,Pricing was acceptable.,Patient 4,PAT_OPD_3,OPD,DOC004,Dr Vikram Das,Neutral,0.06,0.06,neutral,Cost,5,cost,4,2025-12-06T12:57:30.185Z,2025-12-06T12:57:30.185Z
FB_1765025850187_pngk2s9yh,Affordable and fair charges.,Patient 5,PAT_OPD_4,OPD,DOC010,Dr Karan Mehta,Positive,0.52,0.52,positive,Cost,2,cost,3,2025-12-06T12:57:30.187Z,2025-12-06T12:57:30.187Z
FB_1765025850189_x58bwl1yz,Great hospital,will come back.,Patient 1,PAT_OPD_0,OPD,DOC004,Dr Vikram Das,Positive,0.9,0.9,positive,General,2,general,4,2025-12-06T12:57:30.189Z
FB_1765025850191_u7akf9pnb,Would not recommend this hospital.,Patient 2,PAT_OPD_1,OPD,DOC003,Dr Meera Iyer,Negative,-0.67,-0.67,negative,General,7,general,5,2025-12-06T12:57:30.191Z,2025-12-06T12:57:30.191Z
FB_1765025850192_5fihdn1xd,Adequate service provided.,Patient 3,PAT_OPD_2,OPD,DOC005,Dr Priya Sharma,Neutral,0.04,0.04,neutral,General,5,general,2,2025-12-06T12:57:30.192Z,2025-12-06T12:57:30.192Z
FB_1765025850194_j72c9w3l0,Adequate service provided.,Patient 4,PAT_OPD_3,OPD,DOC007,Dr Kavita Singh,Neutral,-0.09,-0.09,neutral,General,6,general,5,2025-12-06T12:57:30.194Z,2025-12-06T12:57:30.194Z
FB_1765025850196_1l91mnvz7,Terrible experience from start to finish.,Patient 5,PAT_OPD_4,OPD,DOC006,Dr Arjun Rao,Negative,-0.54,-0.54,negative,General,7,general,3,2025-12-06T12:57:30.196Z,2025-12-06T12:57:30.196Z
FB_1765025850199_x8zjgf7v8,Extremely long waiting period,very frustrating.,Patient 1,PAT_IPD_0,IPD,DOC001,Dr Asha Menon,Negative,-0.5,-0.5,negative,Wait Time,8,wait time,4,2025-12-06T12:57:30.199Z
FB_1765025850201_zvia6gt1f,Very efficient,saw the doctor right away.,Patient 2,PAT_IPD_1,IPD,DOC006,Dr Arjun Rao,Positive,0.7,0.7,positive,Wait Time,3,wait time,4,2025-12-06T12:57:30.201Z
FB_1765025850203_549x176dw,Wait time was average,nothing special.,Patient 3,PAT_IPD_2,IPD,DOC008,Dr Sameer Patel,Neutral,,,neutral,Wait Time,4,wait time,2,2025-12-06T12:57:30.203Z
FB_1765025850205_c5kwa1kk3,Very efficient,saw the doctor right away.,Patient 4,PAT_IPD_3,IPD,DOC008,Dr Sameer Patel,Positive,0.89,0.89,positive,Wait Time,3,wait time,4,2025-12-06T12:57:30.205Z
FB_1765025850207_z7gq3km1h,The staff was incredibly friendly and attentive.,Patient 1,PAT_IPD_0,IPD,DOC001,Dr Asha Menon,Positive,0.83,0.83,positive,Staff Behavior,1,staff behavior,4,2025-12-06T12:57:30.207Z,2025-12-06T12:57:30.207Z
FB_1765025850208_0x7dzn4ef,Very poor customer service and attitude.,Patient 2,PAT_IPD_1,IPD,DOC007,Dr Kavita Singh,Negative,-0.77,-0.77,negative,Staff Behavior,7,staff behavior,4,2025-12-06T12:57:30.208Z,2025-12-06T12:57:30.208Z
FB_1765025850211_ajwzvhgi2,The staff was incredibly friendly and attentive.,Patient 3,PAT_IPD_2,IPD,DOC002,Dr Rohan Kumar,Positive,0.78,0.78,positive,Staff Behavior,3,staff behavior,5,2025-12-06T12:57:30.211Z,2025-12-06T12:57:30.211Z
FB_1765025850213_na16kpmjd,Staff seemed indifferent to patient needs.,Patient 4,PAT_IPD_3,IPD,DOC010,Dr Karan Mehta,Negative,-0.92,-0.92,negative,Staff Behavior,10,staff behavior,4,2025-12-06T12:57:30.213Z,2025-12-06T12:57:30.213Z
FB_1765025850215_xcy42a5wv,Cleanliness was acceptable overall.,Patient 1,PAT_IPD_0,IPD,DOC006,Dr Arjun Rao,Neutral,-0.06,-0.06,neutral,Cleanliness,5,cleanliness,2,2025-12-06T12:57:30.215Z,2025-12-06T12:57:30.215Z
FB_1765025850217_7oxj6sgpz,Standard hygiene levels maintained.,Patient 2,PAT_IPD_1,IPD,DOC003,Dr Meera Iyer,Neutral,0.08,0.08,neutral,Cleanliness,5,cleanliness,1,2025-12-06T12:57:30.217Z,2025-12-06T12:57:30.217Z
FB_1765025850219_mf808pxly,Excellent hygiene standards throughout.,Patient 3,PAT_IPD_2,IPD,DOC004,Dr Vikram Das,Positive,0.72,0.72,positive,Cleanliness,3,cleanliness,2,2025-12-06T12:57:30.219Z,2025-12-06T12:57:30.219Z
FB_1765025850221_8mltjznw7,Facility was dirty and unhygienic.,Patient 4,PAT_IPD_3,IPD,DOC008,Dr Sameer Patel,Negative,-0.79,-0.79,negative,Cleanliness,7,cleanliness,4,2025-12-06T12:57:30.221Z,2025-12-06T12:57:30.221Z
FB_1765025850222_dah8rrkm6,The environment was very clean and pleasant.,Patient 5,PAT_IPD_4,IPD,DOC003,Dr Meera Iyer,Positive,0.92,0.92,positive,Cleanliness,2,cleanliness,2,2025-12-06T12:57:30.222Z,2025-12-06T12:57:30.222Z
FB_1765025850224_ho5h54wf9,Food was okay,nothing exceptional.,Patient 1,PAT_IPD_0,IPD,DOC004,Dr Vikram Das,Neutral,-0.02,-0.02,neutral,Food Quality,4,food quality,1,2025-12-06T12:57:30.224Z
FB_1765025850227_o2b5t7731,Food options were excellent and well-prepared.,Patient 2,PAT_IPD_1,IPD,DOC004,Dr Vikram Das,Positive,0.73,0.73,positive,Food Quality,2,food quality,5,2025-12-06T12:57:30.227Z,2025-12-06T12:57:30.227Z
FB_1765025850229_fmq4fu7s5,Meals were hot and tasty with good variety.,Patient 3,PAT_IPD_2,IPD,DOC008,Dr Sameer Patel,Positive,0.78,0.78,positive,Food Quality,1,food quality,2,2025-12-06T12:57:30.229Z,2025-12-06T12:57:30.229Z
FB_1765025850232_eyz8p4pli,Meals were standard hospital fare.,Patient 4,PAT_IPD_3,IPD,DOC004,Dr Vikram Das,Neutral,0.08,0.08,neutral,Food Quality,6,food quality,4,2025-12-06T12:57:30.232Z,2025-12-06T12:57:30.232Z
FB_1765025850234_b1c4ou99k,Medical care was standard and appropriate.,Patient 1,PAT_IPD_0,IPD,DOC006,Dr Arjun Rao,Neutral,-0.03,-0.03,neutral,Medical Care,6,medical care,3,2025-12-06T12:57:30.234Z,2025-12-06T12:57:30.234Z
FB_1765025850236_wao6v6aa2,Medical care was inadequate.,Patient 2,PAT_IPD_1,IPD,DOC001,Dr Asha Menon,Negative,-0.52,-0.52,negative,Medical Care,7,medical care,1,2025-12-06T12:57:30.236Z,2025-12-06T12:57:30.236Z
FB_1765025850237_4s9qcgfik,Poor treatment and diagnosis.,Patient 3,PAT_IPD_2,IPD,DOC004,Dr Vikram Das,Negative,-0.74,-0.74,negative,Medical Care,10,medical care,3,2025-12-06T12:57:30.237Z,2025-12-06T12:57:30.237Z
FB_1765025850239_lahw1z20f,Equipment is state-of-the-art.,Patient 1,PAT_IPD_0,IPD,DOC001,Dr Asha Menon,Positive,0.85,0.85,positive,Facilities,2,facilities,1,2025-12-06T12:57:30.239Z,2025-12-06T12:57:30.239Z
FB_1765025850241_hlx5d1d72,Infrastructure was reasonable.,Patient 2,PAT_IPD_1,IPD,DOC010,Dr Karan Mehta,Neutral,0.01,0.01,neutral,Facilities,4,facilities,4,2025-12-06T12:57:30.241Z,2025-12-06T12:57:30.241Z
FB_1765025850243_cjyr1c6mk,Amenities were standard.,Patient 3,PAT_IPD_2,IPD,DOC009,Dr Nisha Verma,Neutral,-0.07,-0.07,neutral,Facilities,5,facilities,3,2025-12-06T12:57:30.243Z,2025-12-06T12:57:30.243Z
FB_1765025850245_9waa7smnw,Modern facilities and comfortable environment.,Patient 4,PAT_IPD_3,IPD,DOC010,Dr Karan Mehta,Positive,0.62,0.62,positive,Facilities,3,facilities,2,2025-12-06T12:57:30.245Z,2025-12-06T12:57:30.245Z
FB_1765025850246_9n4n9psza,Affordable and fair charges.,Patient 1,PAT_IPD_0,IPD,DOC009,Dr Nisha Verma,Positive,0.92,0.92,positive,Cost,2,cost,4,2025-12-06T12:57:30.246Z,2025-12-06T12:57:30.246Z
FB_1765025850248_5zstanapu,Very reasonable and transparent pricing.,Patient 2,PAT_IPD_1,IPD,DOC006,Dr Arjun Rao,Positive,0.99,0.99,positive,Cost,3,cost,2,2025-12-06T12:57:30.248Z,2025-12-06T12:57:30.248Z
FB_1765025850250_wuz13gbb0,Very reasonable and transparent pricing.,Patient 3,PAT_IPD_2,IPD,DOC003,Dr Meera Iyer,Positive,0.67,0.67,positive,Cost,1,cost,2,2025-12-06T12:57:30.250Z,2025-12-06T12:57:30.250Z
FB_1765025850252_8l09c5ujz,Very reasonable and transparent pricing.,Patient 4,PAT_IPD_3,IPD,DOC006,Dr Arjun Rao,Positive,0.85,0.85,positive,Cost,2,cost,2,2025-12-06T12:57:30.252Z,2025-12-06T12:57:30.252Z
FB_1765025850254_rjm409hfn,Overall excellent experience. Highly recommend!,Patient 1,PAT_IPD_0,IPD,DOC008,Dr Sameer Patel,Positive,0.86,0.86,positive,General,1,general,2,2025-12-06T12:57:30.254Z,2025-12-06T12:57:30.254Z
FB_1765025850257_hk25msont,Adequate service provided.,Patient 2,PAT_IPD_1,IPD,DOC007,Dr Kavita Singh,Neutral,-0.08,-0.08,neutral,General,4,general,1,2025-12-06T12:57:30.257Z,2025-12-06T12:57:30.257Z
FB_1765025850259_5gifm5yz8,Adequate service provided.,Patient 3,PAT_IPD_2,IPD,DOC006,Dr Arjun Rao,Neutral,0.03,0.03,neutral,General,6,general,2,2025-12-06T12:57:30.259Z,2025-12-06T12:57:30.259Z
FB_1765025850261_0muh10bue,Standard waiting period as expected.,Patient 1,PAT_Surgery_0,Surgery,DOC009,Dr Nisha Verma,Neutral,0.07,0.07,neutral,Wait Time,6,wait time,5,2025-12-06T12:57:30.261Z,2025-12-06T12:57:30.261Z
FB_1765025850263_dabwmuznr,Extremely long waiting period,very frustrating.,Patient 2,PAT_Surgery_1,Surgery,DOC006,Dr Arjun Rao,Negative,-0.55,-0.55,negative,Wait Time,7,wait time,5,2025-12-06T12:57:30.263Z
FB_1765025850266_0u5wn8loa,Very efficient,saw the doctor right away.,Patient 3,PAT_Surgery_2,Surgery,DOC009,Dr Nisha Verma,Positive,0.9,0.9,positive,Wait Time,2,wait time,1,2025-12-06T12:57:30.266Z
FB_1765025850268_8egyjsj0f,Staff were professional and did their job.,Patient 1,PAT_Surgery_0,Surgery,DOC010,Dr Karan Mehta,Neutral,-0.04,-0.04,neutral,Staff Behavior,4,staff behavior,2,2025-12-06T12:57:30.268Z,2025-12-06T12:57:30.268Z
FB_1765025850270_bie718lch,Staff were professional and caring throughout.,Patient 2,PAT_Surgery_1,Surgery,DOC007,Dr Kavita Singh,Positive,0.61,0.61,positive,Staff Behavior,1,staff behavior,2,2025-12-06T12:57:30.270Z,2025-12-06T12:57:30.270Z
FB_1765025850273_9drpx0w1c,Staff were professional and did their job.,Patient 3,PAT_Surgery_2,Surgery,DOC009,Dr Nisha Verma,Neutral,0.06,0.06,neutral,Staff Behavior,4,staff behavior,5,2025-12-06T12:57:30.273Z,2025-12-06T12:57:30.273Z
FB_1765025850275_pxt7z0lgp,The staff was incredibly friendly and attentive.,Patient 4,PAT_Surgery_3,Surgery,DOC010,Dr Karan Mehta,Positive,0.63,0.63,positive,Staff Behavior,1,staff behavior,2,2025-12-06T12:57:30.275Z,2025-12-06T12:57:30.275Z
FB_1765025850277_auvj064iy,Excellent hygiene standards throughout.,Patient 1,PAT_Surgery_0,Surgery,DOC005,Dr Priya Sharma,Positive,0.65,0.65,positive,Cleanliness,3,cleanliness,2,2025-12-06T12:57:30.277Z,2025-12-06T12:57:30.277Z
FB_1765025850279_lzji8aq95,The facility was adequately clean.,Patient 2,PAT_Surgery_1,Surgery,DOC001,Dr Asha Menon,Neutral,0.06,0.06,neutral,Cleanliness,4,cleanliness,4,2025-12-06T12:57:30.279Z,2025-12-06T12:57:30.279Z
FB_1765025850281_3nfw54a1c,The facility was adequately clean.,Patient 3,PAT_Surgery_2,Surgery,DOC005,Dr Priya Sharma,Neutral,0.06,0.06,neutral,Cleanliness,5,cleanliness,1,2025-12-06T12:57:30.281Z,2025-12-06T12:57:30.281Z
FB_1765025850284_e6zqen92b,Food was cold and tasteless.,Patient 1,PAT_Surgery_0,Surgery,DOC007,Dr Kavita Singh,Negative,-0.99,-0.99,negative,Food Quality,8,food quality,4,2025-12-06T12:57:30.284Z,2025-12-06T12:57:30.284Z
FB_1765025850286_la81tvlfw,Meals were standard hospital fare.,Patient 2,PAT_Surgery_1,Surgery,DOC001,Dr Asha Menon,Neutral,-0.02,-0.02,neutral,Food Quality,4,food quality,5,2025-12-06T12:57:30.286Z,2025-12-06T12:57:30.286Z
FB_1765025850289_q24cywvor,Very poor quality meals served.,Patient 3,PAT_Surgery_2,Surgery,DOC006,Dr Arjun Rao,Negative,-0.67,-0.67,negative,Food Quality,10,food quality,2,2025-12-06T12:57:30.289Z,2025-12-06T12:57:30.289Z
FB_1765025850291_vanwzaqzk,The food was delicious and nutritious.,Patient 4,PAT_Surgery_3,Surgery,DOC002,Dr Rohan Kumar,Positive,0.98,0.98,positive,Food Quality,1,food quality,2,2025-12-06T12:57:30.291Z,2025-12-06T12:57:30.291Z
FB_1765025850293_ixr10zyy0,Excellent medical treatment and diagnosis.,Patient 1,PAT_Surgery_0,Surgery,DOC005,Dr Priya Sharma,Positive,0.72,0.72,positive,Medical Care,3,medical care,4,2025-12-06T12:57:30.293Z,2025-12-06T12:57:30.293Z
FB_1765025850295_6vwy4zfps,Healthcare was satisfactory.,Patient 2,PAT_Surgery_1,Surgery,DOC009,Dr Nisha Verma,Neutral,-0.05,-0.05,neutral,Medical Care,6,medical care,1,2025-12-06T12:57:30.295Z,2025-12-06T12:57:30.295Z
FB_1765025850297_ynzt46l0n,Received top-quality healthcare.,Patient 3,PAT_Surgery_2,Surgery,DOC004,Dr Vikram Das,Positive,0.73,0.73,positive,Medical Care,1,medical care,1,2025-12-06T12:57:30.297Z,2025-12-06T12:57:30.297Z
FB_1765025850300_khavowzgc,Very poor infrastructure.,Patient 1,PAT_Surgery_0,Surgery,DOC006,Dr Arjun Rao,Negative,-0.88,-0.88,negative,Facilities,10,facilities,5,2025-12-06T12:57:30.300Z,2025-12-06T12:57:30.300Z
FB_1765025850303_jj4vb1259,Infrastructure was reasonable.,Patient 2,PAT_Surgery_1,Surgery,DOC003,Dr Meera Iyer,Neutral,-0.01,-0.01,neutral,Facilities,6,facilities,3,2025-12-06T12:57:30.303Z,2025-12-06T12:57:30.303Z
FB_1765025850305_19078viwd,Amenities were standard.,Patient 3,PAT_Surgery_2,Surgery,DOC009,Dr Nisha Verma,Neutral,-0.04,-0.04,neutral,Facilities,4,facilities,3,2025-12-06T12:57:30.305Z,2025-12-06T12:57:30.305Z
FB_1765025850307_qaxm3oedl,Affordable and fair charges.,Patient 1,PAT_Surgery_0,Surgery,DOC009,Dr Nisha Verma,Positive,0.79,0.79,positive,Cost,3,cost,4,2025-12-06T12:57:30.307Z,2025-12-06T12:57:30.307Z
FB_1765025850309_c7qe29add,Costs seemed reasonable.,Patient 2,PAT_Surgery_1,Surgery,DOC006,Dr Arjun Rao,Neutral,0.1,0.1,neutral,Cost,5,cost,2,2025-12-06T12:57:30.309Z,2025-12-06T12:57:30.309Z
FB_1765025850312_699lrdkem,Affordable and fair charges.,Patient 3,PAT_Surgery_2,Surgery,DOC004,Dr Vikram Das,Positive,0.98,0.98,positive,Cost,3,cost,3,2025-12-06T12:57:30.312Z,2025-12-06T12:57:30.312Z
FB_1765025850314_u3pgcpjho,Good value for the services provided.,Patient 4,PAT_Surgery_3,Surgery,DOC010,Dr Karan Mehta,Positive,0.99,0.99,positive,Cost,1,cost,1,2025-12-06T12:57:30.314Z,2025-12-06T12:57:30.314Z
FB_1765025850316_f2mulkoei,Very expensive with hidden costs.,Patient 5,PAT_Surgery_4,Surgery,DOC006,Dr Arjun Rao,Negative,-0.65,-0.65,negative,Cost,7,cost,5,2025-12-06T12:57:30.316Z,2025-12-06T12:57:30.316Z
FB_1765025850318_lnf09u5jf,Experience was satisfactory overall.,Patient 1,PAT_Surgery_0,Surgery,DOC010,Dr Karan Mehta,Neutral,-0.03,-0.03,neutral,General,4,general,2,2025-12-06T12:57:30.318Z,2025-12-06T12:57:30.318Z
FB_1765025850321_ldsmuxjt3,Would not recommend this hospital.,Patient 2,PAT_Surgery_1,Surgery,DOC007,Dr Kavita Singh,Negative,-0.57,-0.57,negative,General,8,general,5,2025-12-06T12:57:30.321Z,2025-12-06T12:57:30.321Z
FB_1765025850323_aru6sbz9y,Very satisfied with the entire visit.,Patient 3,PAT_Surgery_2,Surgery,DOC006,Dr Arjun Rao,Positive,0.57,0.57,positive,General,3,general,3,2025-12-06T12:57:30.323Z,2025-12-06T12:57:30.323Z
FB_1765025850325_lrlfhd47s,Very satisfied with the entire visit.,Patient 4,PAT_Surgery_3,Surgery,DOC001,Dr Asha Menon,Positive,0.78,0.78,positive,General,3,general,4,2025-12-06T12:57:30.325Z,2025-12-06T12:57:30.325Z
FB_1765025850328_huc4k3uic,Standard waiting period as expected.,Patient 1,PAT_Pharmacy_0,Pharmacy,DOC002,Dr Rohan Kumar,Neutral,0.07,0.07,neutral,Wait Time,6,wait time,5,2025-12-06T12:57:30.328Z,2025-12-06T12:57:30.328Z
FB_1765025850330_je8d4wxn4,Standard waiting period as expected.,Patient 2,PAT_Pharmacy_1,Pharmacy,DOC001,Dr Asha Menon,Neutral,0.04,0.04,neutral,Wait Time,4,wait time,4,2025-12-06T12:57:30.330Z,2025-12-06T12:57:30.330Z
FB_1765025850332_v7d7l2k1t,Standard waiting period as expected.,Patient 3,PAT_Pharmacy_2,Pharmacy,DOC010,Dr Karan Mehta,Neutral,-0.09,-0.09,neutral,Wait Time,4,wait time,5,2025-12-06T12:57:30.332Z,2025-12-06T12:57:30.332Z
FB_1765025850335_2zp21zoz9,Very efficient,saw the doctor right away.,Patient 4,PAT_Pharmacy_3,Pharmacy,DOC010,Dr Karan Mehta,Positive,0.91,0.91,positive,Wait Time,2,wait time,5,2025-12-06T12:57:30.335Z
FB_1765025850337_tjv33j5rl,Wait time was average,nothing special.,Patient 5,PAT_Pharmacy_4,Pharmacy,DOC004,Dr Vikram Das,Neutral,0.04,0.04,neutral,Wait Time,5,wait time,4,2025-12-06T12:57:30.337Z
FB_1765025850339_t0qjb6tdd,Very poor customer service and attitude.,Patient 1,PAT_Pharmacy_0,Pharmacy,DOC008,Dr Sameer Patel,Negative,-0.53,-0.53,negative,Staff Behavior,10,staff behavior,2,2025-12-06T12:57:30.339Z,2025-12-06T12:57:30.339Z
FB_1765025850341_nkft4yqik,Standard professional behavior.,Patient 2,PAT_Pharmacy_1,Pharmacy,DOC009,Dr Nisha Verma,Neutral,0.1,0.1,neutral,Staff Behavior,6,staff behavior,3,2025-12-06T12:57:30.341Z,2025-12-06T12:57:30.341Z
FB_1765025850344_njzy8y8r7,Staff seemed indifferent to patient needs.,Patient 3,PAT_Pharmacy_2,Pharmacy,DOC002,Dr Rohan Kumar,Negative,-0.64,-0.64,negative,Staff Behavior,9,staff behavior,3,2025-12-06T12:57:30.344Z,2025-12-06T12:57:30.344Z
FB_1765025850346_p4yettk3r,Excellent bedside manner. Made me feel comfortable.,Patient 4,PAT_Pharmacy_3,Pharmacy,DOC002,Dr Rohan Kumar,Positive,0.87,0.87,positive,Staff Behavior,1,staff behavior,1,2025-12-06T12:57:30.346Z,2025-12-06T12:57:30.346Z
FB_1765025850348_1g06k3kr9,The facility was adequately clean.,Patient 1,PAT_Pharmacy_0,Pharmacy,DOC005,Dr Priya Sharma,Neutral,0.05,0.05,neutral,Cleanliness,5,cleanliness,5,2025-12-06T12:57:30.348Z,2025-12-06T12:57:30.348Z
FB_1765025850351_9h5dskykb,Facility was dirty and unhygienic.,Patient 2,PAT_Pharmacy_1,Pharmacy,DOC004,Dr Vikram Das,Negative,-0.74,-0.74,negative,Cleanliness,9,cleanliness,4,2025-12-06T12:57:30.351Z,2025-12-06T12:57:30.351Z
FB_1765025850353_d7i2z61kf,The environment was very clean and pleasant.,Patient 3,PAT_Pharmacy_2,Pharmacy,DOC005,Dr Priya Sharma,Positive,0.53,0.53,positive,Cleanliness,1,cleanliness,1,2025-12-06T12:57:30.353Z,2025-12-06T12:57:30.353Z
FB_1765025850355_etmu8f71f,Cleanliness was acceptable overall.,Patient 4,PAT_Pharmacy_3,Pharmacy,DOC010,Dr Karan Mehta,Neutral,-0.04,-0.04,neutral,Cleanliness,4,cleanliness,1,2025-12-06T12:57:30.355Z,2025-12-06T12:57:30.355Z
FB_1765025850357_17yb6cbxo,Facility was spotlessly clean and well-maintained.,Patient 5,PAT_Pharmacy_4,Pharmacy,DOC002,Dr Rohan Kumar,Positive,0.65,0.65,positive,Cleanliness,3,cleanliness,4,2025-12-06T12:57:30.357Z,2025-12-06T12:57:30.357Z
FB_1765025850360_0po5aldrw,Food was adequate and acceptable.,Patient 1,PAT_Pharmacy_0,Pharmacy,DOC003,Dr Meera Iyer,Neutral,0.08,0.08,neutral,Food Quality,4,food quality,2,2025-12-06T12:57:30.360Z,2025-12-06T12:57:30.360Z
FB_1765025850362_slcyao561,Food options were excellent and well-prepared.,Patient 2,PAT_Pharmacy_1,Pharmacy,DOC004,Dr Vikram Das,Positive,0.56,0.56,positive,Food Quality,2,food quality,2,2025-12-06T12:57:30.362Z,2025-12-06T12:57:30.362Z
FB_1765025850364_yt20wzm21,Food was cold and tasteless.,Patient 3,PAT_Pharmacy_2,Pharmacy,DOC007,Dr Kavita Singh,Negative,-0.66,-0.66,negative,Food Quality,8,food quality,3,2025-12-06T12:57:30.364Z,2025-12-06T12:57:30.364Z
FB_1765025850367_kdavte64l,Doctor provided adequate treatment.,Patient 1,PAT_Pharmacy_0,Pharmacy,DOC001,Dr Asha Menon,Neutral,-0.08,-0.08,neutral,Medical Care,6,medical care,3,2025-12-06T12:57:30.367Z,2025-12-06T12:57:30.367Z
FB_1765025850370_gvwvgtaqu,Poor treatment and diagnosis.,Patient 2,PAT_Pharmacy_1,Pharmacy,DOC005,Dr Priya Sharma,Negative,-0.89,-0.89,negative,Medical Care,9,medical care,4,2025-12-06T12:57:30.370Z,2025-12-06T12:57:30.370Z
FB_1765025850373_xhio0yshj,Received top-quality healthcare.,Patient 3,PAT_Pharmacy_2,Pharmacy,DOC008,Dr Sameer Patel,Positive,0.57,0.57,positive,Medical Care,1,medical care,3,2025-12-06T12:57:30.373Z,2025-12-06T12:57:30.373Z
FB_1765025850374_mq9imnuq2,Excellent medical treatment and diagnosis.,Patient 4,PAT_Pharmacy_3,Pharmacy,DOC004,Dr Vikram Das,Positive,0.69,0.69,positive,Medical Care,3,medical care,1,2025-12-06T12:57:30.374Z,2025-12-06T12:57:30.374Z
FB_1765025850376_6e92rfogr,Excellent medical treatment and diagnosis.,Patient 5,PAT_Pharmacy_4,Pharmacy,DOC007,Dr Kavita Singh,Positive,0.66,0.66,positive,Medical Care,3,medical care,5,2025-12-06T12:57:30.376Z,2025-12-06T12:57:30.376Z
FB_1765025850378_uu369d7hv,Very poor infrastructure.,Patient 1,PAT_Pharmacy_0,Pharmacy,DOC001,Dr Asha Menon,Negative,-0.57,-0.57,negative,Facilities,9,facilities,1,2025-12-06T12:57:30.378Z,2025-12-06T12:57:30.378Z
FB_1765025850380_ukpc8wu0d,Infrastructure was reasonable.,Patient 2,PAT_Pharmacy_1,Pharmacy,DOC004,Dr Vikram Das,Neutral,-0.04,-0.04,neutral,Facilities,5,facilities,2,2025-12-06T12:57:30.380Z,2025-12-06T12:57:30.380Z
FB_1765025850383_59gn3ve0o,Amenities were standard.,Patient 3,PAT_Pharmacy_2,Pharmacy,DOC007,Dr Kavita Singh,Neutral,0.08,0.08,neutral,Facilities,6,facilities,1,2025-12-06T12:57:30.383Z,2025-12-06T12:57:30.383Z
FB_1765025850385_satzcjic7,Equipment is state-of-the-art.,Patient 4,PAT_Pharmacy_3,Pharmacy,DOC009,Dr Nisha Verma,Positive,0.96,0.96,positive,Facilities,1,facilities,5,2025-12-06T12:57:30.385Z,2025-12-06T12:57:30.385Z
FB_1765025850387_oknqjnazf,Infrastructure was reasonable.,Patient 5,PAT_Pharmacy_4,Pharmacy,DOC008,Dr Sameer Patel,Neutral,-0.08,-0.08,neutral,Facilities,5,facilities,5,2025-12-06T12:57:30.387Z,2025-12-06T12:57:30.387Z
FB_1765025850389_dje5pzqkb,Very reasonable and transparent pricing.,Patient 1,PAT_Pharmacy_0,Pharmacy,DOC002,Dr Rohan Kumar,Positive,0.56,0.56,positive,Cost,2,cost,2,2025-12-06T12:57:30.389Z,2025-12-06T12:57:30.389Z
FB_1765025850391_gsct2z1et,Charges were fair.,Patient 2,PAT_Pharmacy_1,Pharmacy,DOC010,Dr Karan Mehta,Neutral,0.08,0.08,neutral,Cost,4,cost,4,2025-12-06T12:57:30.391Z,2025-12-06T12:57:30.391Z
FB_1765025850394_1dh8ryb86,Pricing was acceptable.,Patient 3,PAT_Pharmacy_2,Pharmacy,DOC006,Dr Arjun Rao,Neutral,-0.04,-0.04,neutral,Cost,4,cost,2,2025-12-06T12:57:30.394Z,2025-12-06T12:57:30.394Z
FB_1765025850396_bv3p14qhf,Would not recommend this hospital.,Patient 1,PAT_Pharmacy_0,Pharmacy,DOC007,Dr Kavita Singh,Negative,-0.54,-0.54,negative,General,8,general,4,2025-12-06T12:57:30.396Z,2025-12-06T12:57:30.396Z
FB_1765025850399_94htloy4u,Very satisfied with the entire visit.,Patient 2,PAT_Pharmacy_1,Pharmacy,DOC008,Dr Sameer Patel,Positive,0.55,0.55,positive,General,2,general,1,2025-12-06T12:57:30.399Z,2025-12-06T12:57:30.399Z
FB_1765025850402_cn50s7vgg,Great hospital,will come back.,Patient 3,PAT_Pharmacy_2,Pharmacy,DOC008,Dr Sameer Patel,Positive,0.77,0.77,positive,General,3,general,4,2025-12-06T12:57:30.402Z
FB_1765025850404_ymer0owm4,Adequate service provided.,Patient 4,PAT_Pharmacy_3,Pharmacy,DOC004,Dr Vikram Das,Neutral,-0.04,-0.04,neutral,General,5,general,4,2025-12-06T12:57:30.404Z,2025-12-06T12:57:30.404Z
FB_1765025850406_q7aupzkkt,Extremely long waiting period,very frustrating.,Patient 1,PAT_Laboratory_0,Laboratory,DOC002,Dr Rohan Kumar,Negative,-0.99,-0.99,negative,Wait Time,8,wait time,2,2025-12-06T12:57:30.406Z
FB_1765025850408_iqifnk428,Wait time was average,nothing special.,Patient 2,PAT_Laboratory_1,Laboratory,DOC006,Dr Arjun Rao,Neutral,0.09,0.09,neutral,Wait Time,5,wait time,2,2025-12-06T12:57:30.408Z
FB_1765025850410_zn5gooivl,Very efficient,saw the doctor right away.,Patient 3,PAT_Laboratory_2,Laboratory,DOC004,Dr Vikram Das,Positive,0.78,0.78,positive,Wait Time,1,wait time,3,2025-12-06T12:57:30.410Z
FB_1765025850412_9wyxyqajp,Extremely long waiting period,very frustrating.,Patient 4,PAT_Laboratory_3,Laboratory,DOC005,Dr Priya Sharma,Negative,-0.69,-0.69,negative,Wait Time,7,wait time,4,2025-12-06T12:57:30.412Z
FB_1765025850415_bsuzv04mf,Polite but somewhat distant.,Patient 1,PAT_Laboratory_0,Laboratory,DOC002,Dr Rohan Kumar,Neutral,-0.03,-0.03,neutral,Staff Behavior,5,staff behavior,5,2025-12-06T12:57:30.415Z,2025-12-06T12:57:30.415Z
FB_1765025850417_7ur1eidwu,The staff was incredibly friendly and attentive.,Patient 2,PAT_Laboratory_1,Laboratory,DOC008,Dr Sameer Patel,Positive,0.85,0.85,positive,Staff Behavior,1,staff behavior,2,2025-12-06T12:57:30.417Z,2025-12-06T12:57:30.417Z
FB_1765025850420_mwqngfvkq,Very poor customer service and attitude.,Patient 3,PAT_Laboratory_2,Laboratory,DOC001,Dr Asha Menon,Negative,-0.53,-0.53,negative,Staff Behavior,10,staff behavior,3,2025-12-06T12:57:30.420Z,2025-12-06T12:57:30.420Z
FB_1765025850423_ap4b7y716,Staff were professional and did their job.,Patient 4,PAT_Laboratory_3,Laboratory,DOC002,Dr Rohan Kumar,Neutral,-0.06,-0.06,neutral,Staff Behavior,6,staff behavior,1,2025-12-06T12:57:30.423Z,2025-12-06T12:57:30.423Z
FB_1765025850425_8y69yicd0,Poor cleanliness standards observed.,Patient 1,PAT_Laboratory_0,Laboratory,DOC004,Dr Vikram Das,Negative,-0.85,-0.85,negative,Cleanliness,7,cleanliness,2,2025-12-06T12:57:30.425Z,2025-12-06T12:57:30.425Z
FB_1765025850427_4u82igr1c,Facility was dirty and unhygienic.,Patient 2,PAT_Laboratory_1,Laboratory,DOC002,Dr Rohan Kumar,Negative,-0.7,-0.7,negative,Cleanliness,8,cleanliness,1,2025-12-06T12:57:30.427Z,2025-12-06T12:57:30.427Z
FB_1765025850429_mvraxv1lm,Excellent hygiene standards throughout.,Patient 3,PAT_Laboratory_2,Laboratory,DOC010,Dr Karan Mehta,Positive,1,1,positive,Cleanliness,2,cleanliness,5,2025-12-06T12:57:30.429Z,2025-12-06T12:57:30.429Z
FB_1765025850433_2lv4ywrgo,Excellent hygiene standards throughout.,Patient 4,PAT_Laboratory_3,Laboratory,DOC006,Dr Arjun Rao,Positive,0.84,0.84,positive,Cleanliness,1,cleanliness,2,2025-12-06T12:57:30.433Z,2025-12-06T12:57:30.433Z
FB_1765025850435_ibqtbwf3r,Food was okay,nothing exceptional.,Patient 1,PAT_Laboratory_0,Laboratory,DOC006,Dr Arjun Rao,Neutral,-0.04,-0.04,neutral,Food Quality,5,food quality,1,2025-12-06T12:57:30.435Z
FB_1765025850438_fpy6on55t,Food was okay,nothing exceptional.,Patient 2,PAT_Laboratory_1,Laboratory,DOC003,Dr Meera Iyer,Neutral,-0.07,-0.07,neutral,Food Quality,5,food quality,2,2025-12-06T12:57:30.438Z
FB_1765025850440_l480veztt,Meals were hot and tasty with good variety.,Patient 3,PAT_Laboratory_2,Laboratory,DOC008,Dr Sameer Patel,Positive,0.51,0.51,positive,Food Quality,3,food quality,1,2025-12-06T12:57:30.440Z,2025-12-06T12:57:30.440Z
FB_1765025850442_aufjtk4p5,The food was delicious and nutritious.,Patient 4,PAT_Laboratory_3,Laboratory,DOC007,Dr Kavita Singh,Positive,0.55,0.55,positive,Food Quality,1,food quality,5,2025-12-06T12:57:30.442Z,2025-12-06T12:57:30.442Z
FB_1765025850445_p87698q2i,Healthcare was satisfactory.,Patient 1,PAT_Laboratory_0,Laboratory,DOC009,Dr Nisha Verma,Neutral,-0.04,-0.04,neutral,Medical Care,5,medical care,5,2025-12-06T12:57:30.445Z,2025-12-06T12:57:30.445Z
FB_1765025850447_2vgpt13z6,Excellent medical treatment and diagnosis.,Patient 2,PAT_Laboratory_1,Laboratory,DOC005,Dr Priya Sharma,Positive,0.91,0.91,positive,Medical Care,3,medical care,3,2025-12-06T12:57:30.447Z,2025-12-06T12:57:30.447Z
FB_1765025850450_oco5f8hdl,Medical care was standard and appropriate.,Patient 3,PAT_Laboratory_2,Laboratory,DOC010,Dr Karan Mehta,Neutral,0.07,0.07,neutral,Medical Care,4,medical care,2,2025-12-06T12:57:30.450Z,2025-12-06T12:57:30.450Z
FB_1765025850452_t3uuvj4y7,Doctor was very knowledgeable and thorough.,Patient 4,PAT_Laboratory_3,Laboratory,DOC007,Dr Kavita Singh,Positive,0.65,0.65,positive,Medical Care,2,medical care,4,2025-12-06T12:57:30.452Z,2025-12-06T12:57:30.452Z
FB_1765025850455_935e4f6u7,Equipment seems broken or non-functional.,Patient 1,PAT_Laboratory_0,Laboratory,DOC009,Dr Nisha Verma,Negative,-0.5,-0.5,negative,Facilities,7,facilities,4,2025-12-06T12:57:30.455Z,2025-12-06T12:57:30.455Z
FB_1765025850457_drx2b80d0,Modern facilities and comfortable environment.,Patient 2,PAT_Laboratory_1,Laboratory,DOC004,Dr Vikram Das,Positive,0.8,0.8,positive,Facilities,2,facilities,1,2025-12-06T12:57:30.457Z,2025-12-06T12:57:30.457Z
FB_1765025850460_z9euasqd7,Equipment seems broken or non-functional.,Patient 3,PAT_Laboratory_2,Laboratory,DOC007,Dr Kavita Singh,Negative,-0.5,-0.5,negative,Facilities,9,facilities,2,2025-12-06T12:57:30.460Z,2025-12-06T12:57:30.460Z
FB_1765025850462_g456agdkn,Modern facilities and comfortable environment.,Patient 4,PAT_Laboratory_3,Laboratory,DOC008,Dr Sameer Patel,Positive,0.58,0.58,positive,Facilities,3,facilities,1,2025-12-06T12:57:30.462Z,2025-12-06T12:57:30.462Z
FB_1765025850465_6i4q2a8p4,Facilities are outdated and poorly maintained.,Patient 5,PAT_Laboratory_4,Laboratory,DOC008,Dr Sameer Patel,Negative,-0.74,-0.74,negative,Facilities,10,facilities,1,2025-12-06T12:57:30.465Z,2025-12-06T12:57:30.465Z
FB_1765025850468_hnvat4g9b,Costs seemed reasonable.,Patient 1,PAT_Laboratory_0,Laboratory,DOC004,Dr Vikram Das,Neutral,-0.09,-0.09,neutral,Cost,5,cost,3,2025-12-06T12:57:30.468Z,2025-12-06T12:57:30.468Z
FB_1765025850470_wpx2za626,Costs seemed reasonable.,Patient 2,PAT_Laboratory_1,Laboratory,DOC004,Dr Vikram Das,Neutral,0.09,0.09,neutral,Cost,6,cost,2,2025-12-06T12:57:30.470Z,2025-12-06T12:57:30.470Z
FB_1765025850473_6xrbai5bl,Pricing was acceptable.,Patient 3,PAT_Laboratory_2,Laboratory,DOC009,Dr Nisha Verma,Neutral,-0.05,-0.05,neutral,Cost,5,cost,1,2025-12-06T12:57:30.473Z,2025-12-06T12:57:30.473Z
FB_1765025850476_viec2hopn,Affordable and fair charges.,Patient 4,PAT_Laboratory_3,Laboratory,DOC002,Dr Rohan Kumar,Positive,0.84,0.84,positive,Cost,1,cost,3,2025-12-06T12:57:30.476Z,2025-12-06T12:57:30.476Z
FB_1765025850479_jqs2jwezk,Very expensive with hidden costs.,Patient 5,PAT_Laboratory_4,Laboratory,DOC008,Dr Sameer Patel,Negative,-0.9,-0.9,negative,Cost,7,cost,4,2025-12-06T12:57:30.479Z,2025-12-06T12:57:30.479Z
FB_1765025850482_018mgb5wf,Terrible experience from start to finish.,Patient 1,PAT_Laboratory_0,Laboratory,DOC008,Dr Sameer Patel,Negative,-0.58,-0.58,negative,General,8,general,5,2025-12-06T12:57:30.482Z,2025-12-06T12:57:30.482Z
FB_1765025850485_2vh628zh9,Overall excellent experience. Highly recommend!,Patient 2,PAT_Laboratory_1,Laboratory,DOC001,Dr Asha Menon,Positive,0.97,0.97,positive,General,1,general,1,2025-12-06T12:57:30.485Z,2025-12-06T12:57:30.485Z
FB_1765025850487_cxo0osevz,Would not recommend this hospital.,Patient 3,PAT_Laboratory_2,Laboratory,DOC004,Dr Vikram Das,Negative,-0.6,-0.6,negative,General,8,general,5,2025-12-06T12:57:30.487Z,2025-12-06T12:57:30.487Z
FB_1765025850489_tbmmiw9o6,Very efficient,saw the doctor right away.,Patient 1,PAT_Radiology_0,Radiology,DOC001,Dr Asha Menon,Positive,0.74,0.74,positive,Wait Time,3,wait time,2,2025-12-06T12:57:30.489Z
FB_1765025850492_pvfhhduit,The waiting time was very short. Excellent service!,Patient 2,PAT_Radiology_1,Radiology,DOC010,Dr Karan Mehta,Positive,0.54,0.54,positive,Wait Time,1,wait time,1,2025-12-06T12:57:30.492Z,2025-12-06T12:57:30.492Z
FB_1765025850494_y3wfyzfac,Extremely long waiting period,very frustrating.,Patient 3,PAT_Radiology_2,Radiology,DOC004,Dr Vikram Das,Negative,-0.79,-0.79,negative,Wait Time,7,wait time,5,2025-12-06T12:57:30.494Z
FB_1765025850496_m140b0668,Wait time was average,nothing special.,Patient 4,PAT_Radiology_3,Radiology,DOC007,Dr Kavita Singh,Neutral,0.04,0.04,neutral,Wait Time,6,wait time,1,2025-12-06T12:57:30.496Z
FB_1765025850498_7821o80zo,Staff were rude and unhelpful.,Patient 1,PAT_Radiology_0,Radiology,DOC001,Dr Asha Menon,Negative,-0.82,-0.82,negative,Staff Behavior,7,staff behavior,3,2025-12-06T12:57:30.498Z,2025-12-06T12:57:30.498Z
FB_1765025850500_bdg76nn7k,Staff were professional and caring throughout.,Patient 2,PAT_Radiology_1,Radiology,DOC001,Dr Asha Menon,Positive,0.91,0.91,positive,Staff Behavior,1,staff behavior,4,2025-12-06T12:57:30.500Z,2025-12-06T12:57:30.500Z
FB_1765025850502_e1mtur7j5,Staff were professional and caring throughout.,Patient 3,PAT_Radiology_2,Radiology,DOC002,Dr Rohan Kumar,Positive,0.52,0.52,positive,Staff Behavior,2,staff behavior,2,2025-12-06T12:57:30.502Z,2025-12-06T12:57:30.502Z
FB_1765025850505_dz78szyel,Staff were professional and caring throughout.,Patient 4,PAT_Radiology_3,Radiology,DOC004,Dr Vikram Das,Positive,0.83,0.83,positive,Staff Behavior,2,staff behavior,5,2025-12-06T12:57:30.504Z,2025-12-06T12:57:30.504Z
FB_1765025850507_l7k1josmw,Cleanliness was acceptable overall.,Patient 1,PAT_Radiology_0,Radiology,DOC007,Dr Kavita Singh,Neutral,-0.04,-0.04,neutral,Cleanliness,4,cleanliness,5,2025-12-06T12:57:30.507Z,2025-12-06T12:57:30.507Z
FB_1765025850509_72sq6eir0,Facility was dirty and unhygienic.,Patient 2,PAT_Radiology_1,Radiology,DOC001,Dr Asha Menon,Negative,-0.86,-0.86,negative,Cleanliness,8,cleanliness,4,2025-12-06T12:57:30.509Z,2025-12-06T12:57:30.509Z
FB_1765025850511_hd41kdyll,Poor cleanliness standards observed.,Patient 3,PAT_Radiology_2,Radiology,DOC005,Dr Priya Sharma,Negative,-0.76,-0.76,negative,Cleanliness,10,cleanliness,2,2025-12-06T12:57:30.511Z,2025-12-06T12:57:30.511Z
FB_1765025850513_j9ofmax7t,Cleanliness was acceptable overall.,Patient 4,PAT_Radiology_3,Radiology,DOC007,Dr Kavita Singh,Neutral,,,neutral,Cleanliness,4,cleanliness,4,2025-12-06T12:57:30.513Z,2025-12-06T12:57:30.513Z
FB_1765025850516_k0q5asfcb,Meals were standard hospital fare.,Patient 1,PAT_Radiology_0,Radiology,DOC007,Dr Kavita Singh,Neutral,0.05,0.05,neutral,Food Quality,6,food quality,5,2025-12-06T12:57:30.516Z,2025-12-06T12:57:30.516Z
FB_1765025850519_8ccm8ryep,Food was cold and tasteless.,Patient 2,PAT_Radiology_1,Radiology,DOC006,Dr Arjun Rao,Negative,-0.97,-0.97,negative,Food Quality,8,food quality,3,2025-12-06T12:57:30.519Z,2025-12-06T12:57:30.519Z
FB_1765025850521_6dm8o68uk,Meals were hot and tasty with good variety.,Patient 3,PAT_Radiology_2,Radiology,DOC008,Dr Sameer Patel,Positive,0.93,0.93,positive,Food Quality,2,food quality,4,2025-12-06T12:57:30.521Z,2025-12-06T12:57:30.521Z
FB_1765025850524_aczellkcz,Doctor provided adequate treatment.,Patient 1,PAT_Radiology_0,Radiology,DOC001,Dr Asha Menon,Neutral,-0.08,-0.08,neutral,Medical Care,5,medical care,2,2025-12-06T12:57:30.524Z,2025-12-06T12:57:30.524Z
FB_1765025850526_8qyosg1va,Healthcare was satisfactory.,Patient 2,PAT_Radiology_1,Radiology,DOC010,Dr Karan Mehta,Neutral,0.08,0.08,neutral,Medical Care,4,medical care,2,2025-12-06T12:57:30.526Z,2025-12-06T12:57:30.526Z
FB_1765025850528_2z31jrq32,Medical care was inadequate.,Patient 3,PAT_Radiology_2,Radiology,DOC009,Dr Nisha Verma,Negative,-0.5,-0.5,negative,Medical Care,9,medical care,2,2025-12-06T12:57:30.528Z,2025-12-06T12:57:30.528Z
FB_1765025850531_0xram55rt,Received top-quality healthcare.,Patient 4,PAT_Radiology_3,Radiology,DOC001,Dr Asha Menon,Positive,0.78,0.78,positive,Medical Care,1,medical care,5,2025-12-06T12:57:30.531Z,2025-12-06T12:57:30.531Z
FB_1765025850533_wa43byqey,Poor treatment and diagnosis.,Patient 5,PAT_Radiology_4,Radiology,DOC008,Dr Sameer Patel,Negative,-0.81,-0.81,negative,Medical Care,9,medical care,1,2025-12-06T12:57:30.533Z,2025-12-06T12:57:30.533Z
FB_1765025850535_hvmsjk263,Modern facilities and comfortable environment.,Patient 1,PAT_Radiology_0,Radiology,DOC009,Dr Nisha Verma,Positive,0.77,0.77,positive,Facilities,3,facilities,2,2025-12-06T12:57:30.535Z,2025-12-06T12:57:30.535Z
FB_1765025850537_qtuqp5jrv,Equipment is state-of-the-art.,Patient 2,PAT_Radiology_1,Radiology,DOC010,Dr Karan Mehta,Positive,0.65,0.65,positive,Facilities,3,facilities,4,2025-12-06T12:57:30.537Z,2025-12-06T12:57:30.537Z
FB_1765025850540_gwm13zmg0,Facilities were adequate for the services.,Patient 3,PAT_Radiology_2,Radiology,DOC004,Dr Vikram Das,Neutral,0.07,0.07,neutral,Facilities,4,facilities,1,2025-12-06T12:57:30.540Z,2025-12-06T12:57:30.540Z
FB_1765025850542_8750mwqod,Facilities were adequate for the services.,Patient 4,PAT_Radiology_3,Radiology,DOC002,Dr Rohan Kumar,Neutral,-0.03,-0.03,neutral,Facilities,6,facilities,1,2025-12-06T12:57:30.542Z,2025-12-06T12:57:30.542Z
FB_1765025850545_jcu580em9,Good value for the services provided.,Patient 1,PAT_Radiology_0,Radiology,DOC005,Dr Priya Sharma,Positive,0.73,0.73,positive,Cost,3,cost,2,2025-12-06T12:57:30.545Z,2025-12-06T12:57:30.545Z
FB_1765025850547_6mqax8yuw,Charges were fair.,Patient 2,PAT_Radiology_1,Radiology,DOC007,Dr Kavita Singh,Neutral,0.08,0.08,neutral,Cost,6,cost,1,2025-12-06T12:57:30.547Z,2025-12-06T12:57:30.547Z
FB_1765025850549_q389bdh7s,Very expensive with hidden costs.,Patient 3,PAT_Radiology_2,Radiology,DOC007,Dr Kavita Singh,Negative,-0.76,-0.76,negative,Cost,9,cost,2,2025-12-06T12:57:30.549Z,2025-12-06T12:57:30.549Z
FB_1765025850552_6d8mii994,Affordable and fair charges.,Patient 4,PAT_Radiology_3,Radiology,DOC002,Dr Rohan Kumar,Positive,0.93,0.93,positive,Cost,2,cost,4,2025-12-06T12:57:30.552Z,2025-12-06T12:57:30.552Z
FB_1765025850554_mddocqh98,Experience was satisfactory overall.,Patient 1,PAT_Radiology_0,Radiology,DOC003,Dr Meera Iyer,Neutral,-0.07,-0.07,neutral,General,4,general,2,2025-12-06T12:57:30.554Z,2025-12-06T12:57:30.554Z
FB_1765025850556_qpfjnm8k2,Adequate service provided.,Patient 2,PAT_Radiology_1,Radiology,DOC007,Dr Kavita Singh,Neutral,-0.09,-0.09,neutral,General,5,general,4,2025-12-06T12:57:30.556Z,2025-12-06T12:57:30.556Z
FB_1765025850559_invgw8t3h,Very unsatisfactory experience overall.,Patient 3,PAT_Radiology_2,Radiology,DOC002,Dr Rohan Kumar,Negative,-0.8,-0.8,negative,General,9,general,2,2025-12-06T12:57:30.559Z,2025-12-06T12:57:30.559Z
FB_1765025850561_408r818ia,The waiting time was very short. Excellent service!,Patient 1,PAT_General_0,General,DOC008,Dr Sameer Patel,Positive,0.96,0.96,positive,Wait Time,3,wait time,5,2025-12-06T12:57:30.561Z,2025-12-06T12:57:30.561Z
FB_1765025850563_ppggrn1q1,Waited hours to see the doctor.,Patient 2,PAT_General_1,General,DOC002,Dr Rohan Kumar,Negative,-0.78,-0.78,negative,Wait Time,9,wait time,3,2025-12-06T12:57:30.563Z,2025-12-06T12:57:30.563Z
FB_1765025850566_r4u58tr52,Wait time was average,nothing special.,Patient 3,PAT_General_2,General,DOC004,Dr Vikram Das,Neutral,-0.08,-0.08,neutral,Wait Time,4,wait time,1,2025-12-06T12:57:30.566Z
FB_1765025850569_j9t19hudi,Waited hours to see the doctor.,Patient 4,PAT_General_3,General,DOC001,Dr Asha Menon,Negative,-0.72,-0.72,negative,Wait Time,8,wait time,5,2025-12-06T12:57:30.569Z,2025-12-06T12:57:30.569Z
FB_1765025850572_u3fwnyovl,Had to wait for a very long time.,Patient 5,PAT_General_4,General,DOC009,Dr Nisha Verma,Negative,-0.8,-0.8,negative,Wait Time,9,wait time,2,2025-12-06T12:57:30.572Z,2025-12-06T12:57:30.572Z
FB_1765025850574_lyp38p2m9,Polite but somewhat distant.,Patient 1,PAT_General_0,General,DOC003,Dr Meera Iyer,Neutral,0.02,0.02,neutral,Staff Behavior,5,staff behavior,4,2025-12-06T12:57:30.574Z,2025-12-06T12:57:30.574Z
FB_1765025850576_hdm7ze98f,Standard professional behavior.,Patient 2,PAT_General_1,General,DOC001,Dr Asha Menon,Neutral,0.05,0.05,neutral,Staff Behavior,6,staff behavior,2,2025-12-06T12:57:30.576Z,2025-12-06T12:57:30.576Z
FB_1765025850578_cj3yea6ng,Excellent bedside manner. Made me feel comfortable.,Patient 3,PAT_General_2,General,DOC005,Dr Priya Sharma,Positive,0.76,0.76,positive,Staff Behavior,3,staff behavior,1,2025-12-06T12:57:30.578Z,2025-12-06T12:57:30.578Z
FB_1765025850581_aq7dcbqh7,Poor cleanliness standards observed.,Patient 1,PAT_General_0,General,DOC010,Dr Karan Mehta,Negative,-0.81,-0.81,negative,Cleanliness,8,cleanliness,5,2025-12-06T12:57:30.581Z,2025-12-06T12:57:30.581Z
FB_1765025850584_w8f9ag5sr,Cleanliness was acceptable overall.,Patient 2,PAT_General_1,General,DOC008,Dr Sameer Patel,Neutral,0.06,0.06,neutral,Cleanliness,5,cleanliness,4,2025-12-06T12:57:30.584Z,2025-12-06T12:57:30.584Z
FB_1765025850587_all6hj79o,Cleanliness was acceptable overall.,Patient 3,PAT_General_2,General,DOC005,Dr Priya Sharma,Neutral,0.02,0.02,neutral,Cleanliness,6,cleanliness,3,2025-12-06T12:57:30.587Z,2025-12-06T12:57:30.587Z
FB_1765025850589_ii541zg51,Food was okay,nothing exceptional.,Patient 1,PAT_General_0,General,DOC004,Dr Vikram Das,Neutral,-0.03,-0.03,neutral,Food Quality,4,food quality,3,2025-12-06T12:57:30.589Z
FB_1765025850592_8w5seemri,Very poor quality meals served.,Patient 2,PAT_General_1,General,DOC010,Dr Karan Mehta,Negative,-0.72,-0.72,negative,Food Quality,10,food quality,3,2025-12-06T12:57:30.592Z,2025-12-06T12:57:30.592Z
FB_1765025850594_9632rnxqb,Food was inedible and unappetizing.,Patient 3,PAT_General_2,General,DOC001,Dr Asha Menon,Negative,-0.9,-0.9,negative,Food Quality,9,food quality,5,2025-12-06T12:57:30.594Z,2025-12-06T12:57:30.594Z
FB_1765025850597_4lmc9bw2m,Food was inedible and unappetizing.,Patient 4,PAT_General_3,General,DOC010,Dr Karan Mehta,Negative,-0.96,-0.96,negative,Food Quality,7,food quality,2,2025-12-06T12:57:30.597Z,2025-12-06T12:57:30.597Z
FB_1765025850600_eam51pu5o,Food was okay,nothing exceptional.,Patient 5,PAT_General_4,General,DOC006,Dr Arjun Rao,Neutral,-0.1,-0.1,neutral,Food Quality,4,food quality,2,2025-12-06T12:57:30.600Z
FB_1765025850603_e0hdv5hw3,Healthcare was satisfactory.,Patient 1,PAT_General_0,General,DOC002,Dr Rohan Kumar,Neutral,0.04,0.04,neutral,Medical Care,5,medical care,4,2025-12-06T12:57:30.603Z,2025-12-06T12:57:30.603Z
FB_1765025850606_2b3lvx6os,Excellent medical treatment and diagnosis.,Patient 2,PAT_General_1,General,DOC001,Dr Asha Menon,Positive,0.68,0.68,positive,Medical Care,2,medical care,1,2025-12-06T12:57:30.606Z,2025-12-06T12:57:30.606Z
FB_1765025850608_056yo0byh,Doctor provided adequate treatment.,Patient 3,PAT_General_2,General,DOC002,Dr Rohan Kumar,Neutral,0.1,0.1,neutral,Medical Care,4,medical care,5,2025-12-06T12:57:30.608Z,2025-12-06T12:57:30.608Z
FB_1765025850611_a6tc0zjlk,Excellent medical treatment and diagnosis.,Patient 4,PAT_General_3,General,DOC004,Dr Vikram Das,Positive,0.63,0.63,positive,Medical Care,2,medical care,1,2025-12-06T12:57:30.611Z,2025-12-06T12:57:30.611Z
FB_1765025850613_ai1c9csj2,Excellent infrastructure and amenities.,Patient 1,PAT_General_0,General,DOC004,Dr Vikram Das,Positive,0.79,0.79,positive,Facilities,2,facilities,5,2025-12-06T12:57:30.613Z,2025-12-06T12:57:30.613Z
FB_1765025850618_41rluwu52,Very poor infrastructure.,Patient 2,PAT_General_1,General,DOC003,Dr Meera Iyer,Negative,-0.78,-0.78,negative,Facilities,8,facilities,2,2025-12-06T12:57:30.618Z,2025-12-06T12:57:30.618Z
FB_1765025850621_7ggsnkmoq,Equipment is state-of-the-art.,Patient 3,PAT_General_2,General,DOC008,Dr Sameer Patel,Positive,0.87,0.87,positive,Facilities,2,facilities,4,2025-12-06T12:57:30.621Z,2025-12-06T12:57:30.621Z
FB_1765025850623_f2a0gsy2p,Amenities were standard.,Patient 4,PAT_General_3,General,DOC008,Dr Sameer Patel,Neutral,-0.01,-0.01,neutral,Facilities,4,facilities,5,2025-12-06T12:57:30.623Z,2025-12-06T12:57:30.623Z
FB_1765025850626_4dbn44ubw,Equipment is state-of-the-art.,Patient 5,PAT_General_4,General,DOC008,Dr Sameer Patel,Positive,0.91,0.91,positive,Facilities,2,facilities,4,2025-12-06T12:57:30.626Z,2025-12-06T12:57:30.626Z
FB_1765025850628_ai6eal3kh,Pricing was acceptable.,Patient 1,PAT_General_0,General,DOC008,Dr Sameer Patel,Neutral,0.02,0.02,neutral,Cost,4,cost,5,2025-12-06T12:57:30.628Z,2025-12-06T12:57:30.628Z
FB_1765025850631_xrs58kgls,Affordable and fair charges.,Patient 2,PAT_General_1,General,DOC008,Dr Sameer Patel,Positive,0.98,0.98,positive,Cost,3,cost,2,2025-12-06T12:57:30.631Z,2025-12-06T12:57:30.631Z
FB_1765025850635_2ombcm7yp,Charges were extremely high and unfair.,Patient 3,PAT_General_2,General,DOC008,Dr Sameer Patel,Negative,-0.68,-0.68,negative,Cost,10,cost,5,2025-12-06T12:57:30.635Z,2025-12-06T12:57:30.635Z
FB_1765025850638_1i11jd9fx,Charges were fair.,Patient 4,PAT_General_3,General,DOC008,Dr Sameer Patel,Neutral,0.07,0.07,neutral,Cost,5,cost,2,2025-12-06T12:57:30.638Z,2025-12-06T12:57:30.638Z
FB_1765025850640_zx7ozhczj,Affordable and fair charges.,Patient 5,PAT_General_4,General,DOC003,Dr Meera Iyer,Positive,0.66,0.66,positive,Cost,2,cost,3,2025-12-06T12:57:30.640Z,2025-12-06T12:57:30.640Z
FB_1765025850643_o3tlhr22j,Very satisfied with the entire visit.,Patient 1,PAT_General_0,General,DOC009,Dr Nisha Verma,Positive,0.64,0.64,positive,General,2,general,5,2025-12-06T12:57:30.643Z,2025-12-06T12:57:30.643Z
FB_1765025850646_trnw1v7du,Average visit,nothing remarkable.,Patient 2,PAT_General_1,General,DOC008,Dr Sameer Patel,Neutral,0.1,0.1,neutral,General,5,general,3,2025-12-06T12:57:30.646Z
FB_1765025850650_3gbbqrhey,Would not recommend this hospital.,Patient 3,PAT_General_2,General,DOC005,Dr Priya Sharma,Negative,-0.61,-0.61,negative,General,8,general,2,2025-12-06T12:57:30.650Z,2025-12-06T12:57:30.650Z
FB_1765116299948_7418klk0v,GOOD,PROJ,ID1,OPD,DOC016,Dr Amit Desai,Positive,0.7,0.7,satisfied,General,5,good,5,2025-12-07T14:04:59.948Z,2025-12-07T14:04:59.948Z
FB_1765130213286_hy2m3scyc,GOOD
,PROJ,ID1,OPD,DOC016,Dr Amit Desai,Positive,0.7,0.7,positive,General,5,good,5,2025-12-07T17:56:53.286Z,2025-12-07T17:56:53.286Z
